{"cameraMode":{"drawMode":0,"name":"Shaded","section":"Shading Mode"},"sceneLighting":false,"audioPlay":false,"sceneViewState":{"showFog":false,"showMaterialUpdate":false,"showSkybox":false,"showFlares":false,"showImageEffects":false,"showParticleSystems":false},"in2DMode":false,"pivot":{"x":761.105712890625,"y":232.1082763671875,"z":-24.753143310546876},"rotation":{"x":-0.15360860526561738,"y":-0.08644329011440277,"z":0.013458659872412682,"w":-0.9842799305915833},"size":489.73297119140627,"orthographic":false}