{"cameraMode":{"drawMode":0,"name":"Shaded","section":"Shading Mode"},"sceneLighting":false,"audioPlay":false,"sceneViewState":{"showFog":false,"showMaterialUpdate":false,"showSkybox":false,"showFlares":false,"showImageEffects":false,"showParticleSystems":false},"in2DMode":false,"pivot":{"x":0.0,"y":12.182479858398438,"z":0.30717897415161135},"rotation":{"x":-0.23792791366577149,"y":-0.7328866720199585,"z":0.31444287300109866,"w":-0.5544801950454712},"size":18.832172393798829,"orthographic":false}