{"cameraMode":{"drawMode":0,"name":"Shaded","section":"Shading Mode"},"sceneLighting":false,"audioPlay":false,"sceneViewState":{"showFog":false,"showMaterialUpdate":false,"showSkybox":false,"showFlares":false,"showImageEffects":false,"showParticleSystems":false},"in2DMode":false,"pivot":{"x":15.764178276062012,"y":10.471282958984375,"z":13.074760437011719},"rotation":{"x":0.2953146696090698,"y":-0.0561409667134285,"z":0.017416462302207948,"w":0.9536269903182983},"size":84.69727325439453,"orthographic":false}