{"cameraMode":{"drawMode":0,"name":"Shaded","section":"Shading Mode"},"sceneLighting":false,"audioPlay":false,"sceneViewState":{"showFog":false,"showMaterialUpdate":false,"showSkybox":false,"showFlares":false,"showImageEffects":false,"showParticleSystems":false},"in2DMode":false,"pivot":{"x":-2.3545470237731935,"y":12.657424926757813,"z":-4.016273498535156},"rotation":{"x":-0.23792791366577149,"y":-0.7328866720199585,"z":0.31444287300109866,"w":-0.5544801950454712},"size":22.56770133972168,"orthographic":false}